"No.","Time","Source","Destination","Protocol","Length","Info"
"1","0.000000","192.168.1.6","192.168.0.1","TCP","54","52531  >  80 [ACK] Seq=1 Ack=1 Win=253 Len=0"
"2","0.011750","192.168.1.6","192.168.0.1","TCP","54","52531  >  80 [FIN, ACK] Seq=1 Ack=1 Win=253 Len=0"
"3","0.011760","192.168.0.1","192.168.1.6","TCP","54","80  >  52531 [ACK] Seq=1 Ack=2 Win=237 Len=0"
"4","0.325331","192.168.0.8","192.168.0.1","TCP","74","54236  >  80 [SYN] Seq=0 Win=29200 Len=0 MSS=1460 SACK_PERM=1 TSval=188888653 TSecr=0 WS=128"
"5","0.325364","192.168.0.1","192.168.0.8","TCP","74","80  >  54236 [SYN, ACK] Seq=0 Ack=1 Win=28960 Len=0 MSS=1460 SACK_PERM=1 TSval=477632692 TSecr=188888653 WS=128"
"6","0.326009","192.168.0.8","192.168.0.1","TCP","66","54236  >  80 [ACK] Seq=1 Ack=1 Win=29312 Len=0 TSval=188888653 TSecr=477632692"
"7","0.326466","192.168.0.8","192.168.0.1","TCP","66","[TCP Dup ACK 6#1] 54236  >  80 [PSH, ACK] Seq=1 Ack=1 Win=29312 Len=0 TSval=188888653 TSecr=477632692"
"8","0.326492","192.168.0.1","192.168.0.8","TCP","66","[TCP ACKed unseen segment] 80  >  54236 [ACK] Seq=1 Ack=347 Win=30080 Len=0 TSval=477632693 TSecr=188888653"
"9","0.328039","192.168.0.1","192.168.0.8","TCP","66","[TCP Dup ACK 8#1] [TCP ACKed unseen segment] 80  >  54236 [PSH, ACK] Seq=1 Ack=347 Win=30080 Len=0 TSval=477632693 TSecr=188888653"
"10","0.328867","192.168.0.8","192.168.0.1","TCP","66","[TCP ACKed unseen segment] [TCP Previous segment not captured] 54236  >  80 [ACK] Seq=347 Ack=1421 Win=32128 Len=0 TSval=188888653 TSecr=477632693"
"11","0.340233","192.168.0.8","192.168.0.1","TCP","66","[TCP Dup ACK 10#1] [TCP ACKed unseen segment] 54236  >  80 [PSH, ACK] Seq=347 Ack=1421 Win=32128 Len=0 TSval=188888654 TSecr=477632693"
"12","0.341175","192.168.0.1","192.168.0.8","TCP","66","[TCP ACKed unseen segment] [TCP Previous segment not captured] 80  >  54236 [PSH, ACK] Seq=1421 Ack=693 Win=31104 Len=0 TSval=477632696 TSecr=188888654"
"13","0.384309","192.168.0.8","192.168.0.1","TCP","66","[TCP ACKed unseen segment] [TCP Previous segment not captured] 54236  >  80 [ACK] Seq=693 Ack=2829 Win=34944 Len=0 TSval=188888659 TSecr=477632696"
"14","1.028389","192.168.0.1","192.168.0.53","TCP","66","443  >  53042 [PSH, ACK] Seq=1 Ack=1 Win=252 Len=0 TSval=477632868 TSecr=2322624736"
"15","1.038353","192.168.0.1","192.168.0.53","TCP","66","[TCP Previous segment not captured] 443  >  53042 [PSH, ACK] Seq=2128 Ack=1 Win=252 Len=0 TSval=477632871 TSecr=2322624736"
"16","1.038382","192.168.0.1","192.168.0.53","TCP","66","[TCP Previous segment not captured] 443  >  53042 [FIN, ACK] Seq=2181 Ack=1 Win=252 Len=0 TSval=477632871 TSecr=2322624736"
"17","1.045937","192.168.0.7","192.168.0.1","TCP","66","47012  >  80 [FIN, ACK] Seq=1 Ack=1 Win=229 Len=0 TSval=478872966 TSecr=477631622"
"18","1.046068","192.168.0.1","192.168.0.7","TCP","66","80  >  47012 [FIN, ACK] Seq=1 Ack=2 Win=227 Len=0 TSval=477632873 TSecr=478872966"
"19","1.046570","192.168.0.7","192.168.0.1","TCP","66","47012  >  80 [ACK] Seq=2 Ack=2 Win=229 Len=0 TSval=478872966 TSecr=477632873"
"20","1.049952","192.168.0.1","192.168.0.7","TCP","66","80  >  47010 [FIN, ACK] Seq=1 Ack=1 Win=243 Len=0 TSval=477632874 TSecr=478871726"
"21","1.050487","192.168.0.7","192.168.0.1","TCP","66","47010  >  80 [FIN, ACK] Seq=1 Ack=2 Win=274 Len=0 TSval=478872967 TSecr=477632874"
"22","1.050499","192.168.0.1","192.168.0.7","TCP","66","80  >  47010 [ACK] Seq=2 Ack=2 Win=243 Len=0 TSval=477632874 TSecr=478872967"
"23","1.133461","192.168.0.53","192.168.0.1","TCP","66","[TCP ACKed unseen segment] 53042  >  443 [ACK] Seq=1 Ack=1449 Win=342 Len=0 TSval=2322624968 TSecr=477632868"
"24","1.133477","192.168.0.53","192.168.0.1","TCP","66","53042  >  443 [ACK] Seq=1 Ack=2128 Win=364 Len=0 TSval=2322624968 TSecr=477632868"
"25","1.143217","192.168.0.53","192.168.0.1","TCP","66","53042  >  443 [ACK] Seq=1 Ack=2181 Win=364 Len=0 TSval=2322624969 TSecr=477632871"
"26","1.186590","192.168.0.53","192.168.0.1","TCP","66","53042  >  443 [ACK] Seq=1 Ack=2182 Win=364 Len=0 TSval=2322624974 TSecr=477632871"
"27","1.729706","192.168.0.11","192.168.0.1","TCP","58","60887  >  80 [SYN] Seq=0 Win=5840 Len=0 MSS=1460"
"28","1.729741","192.168.0.1","192.168.0.11","TCP","58","80  >  60887 [SYN, ACK] Seq=0 Ack=1 Win=29200 Len=0 MSS=1460"
"29","1.730056","192.168.0.11","192.168.0.1","TCP","54","60887  >  80 [ACK] Seq=1 Ack=1 Win=5840 Len=0"
"30","1.730309","192.168.0.11","192.168.0.1","TCP","54","[TCP Dup ACK 29#1] 60887  >  80 [PSH, ACK] Seq=1 Ack=1 Win=5840 Len=0"
"31","1.730334","192.168.0.1","192.168.0.11","TCP","54","[TCP ACKed unseen segment] 80  >  60887 [ACK] Seq=1 Ack=379 Win=30016 Len=0"
"32","1.732386","192.168.0.1","192.168.0.12","TCP","74","58372  >  443 [SYN] Seq=0 Win=29200 Len=0 MSS=1460 SACK_PERM=1 TSval=477633044 TSecr=0 WS=128"
"33","1.752003","192.168.0.12","192.168.0.1","TCP","74","443  >  58372 [SYN, ACK] Seq=0 Ack=1 Win=28960 Len=0 MSS=1460 SACK_PERM=1 TSval=595457900 TSecr=477633044 WS=256"
"34","1.752027","192.168.0.1","192.168.0.12","TCP","66","58372  >  443 [ACK] Seq=1 Ack=1 Win=29312 Len=0 TSval=477633049 TSecr=595457900"
"35","1.760189","192.168.0.1","192.168.0.12","TCP","66","[TCP Dup ACK 34#1] 58372  >  443 [PSH, ACK] Seq=1 Ack=1 Win=29312 Len=0 TSval=477633051 TSecr=595457900"
"36","1.779809","192.168.0.12","192.168.0.1","TCP","66","[TCP ACKed unseen segment] 443  >  58372 [ACK] Seq=1 Ack=518 Win=30208 Len=0 TSval=595457928 TSecr=477633051"
"37","1.783993","192.168.0.12","192.168.0.1","TCP","66","[TCP Dup ACK 36#1] [TCP ACKed unseen segment] 443  >  58372 [PSH, ACK] Seq=1 Ack=518 Win=30208 Len=0 TSval=595457932 TSecr=477633051"
"38","1.784010","192.168.0.1","192.168.0.12","TCP","66","[TCP ACKed unseen segment] [TCP Previous segment not captured] 58372  >  443 [ACK] Seq=518 Ack=3437 Win=36096 Len=0 TSval=477633057 TSecr=595457932"
"39","1.785138","192.168.0.1","192.168.0.12","TCP","66","[TCP Dup ACK 38#1] [TCP ACKed unseen segment] 58372  >  443 [PSH, ACK] Seq=518 Ack=3437 Win=36096 Len=0 TSval=477633057 TSecr=595457932"
"40","1.805504","192.168.0.12","192.168.0.1","TCP","66","[TCP ACKed unseen segment] [TCP Previous segment not captured] 443  >  58372 [PSH, ACK] Seq=3437 Ack=644 Win=30208 Len=0 TSval=595457954 TSecr=477633057"
"41","1.805663","192.168.0.1","192.168.0.12","TCP","66","[TCP ACKed unseen segment] [TCP Previous segment not captured] 58372  >  443 [PSH, ACK] Seq=644 Ack=3488 Win=36096 Len=0 TSval=477633062 TSecr=595457954"
"42","1.865197","192.168.0.12","192.168.0.1","TCP","66","[TCP ACKed unseen segment] [TCP Previous segment not captured] 443  >  58372 [ACK] Seq=3488 Ack=1153 Win=31232 Len=0 TSval=595458014 TSecr=477633062"
"43","1.959698","192.168.0.12","192.168.0.1","TCP","66","[TCP Dup ACK 42#1] [TCP ACKed unseen segment] 443  >  58372 [PSH, ACK] Seq=3488 Ack=1153 Win=31232 Len=0 TSval=595458108 TSecr=477633062"
"44","1.959968","192.168.0.1","192.168.0.12","TCP","66","[TCP ACKed unseen segment] [TCP Previous segment not captured] 58372  >  443 [PSH, ACK] Seq=1153 Ack=4915 Win=39040 Len=0 TSval=477633101 TSecr=595458108"
"45","1.960983","192.168.0.1","192.168.0.12","TCP","66","[TCP ACKed unseen segment] [TCP Previous segment not captured] 58372  >  443 [FIN, ACK] Seq=1184 Ack=4915 Win=39040 Len=0 TSval=477633101 TSecr=595458108"
"46","1.962211","192.168.0.1","192.168.0.11","TCP","54","[TCP Dup ACK 31#1] [TCP ACKed unseen segment] 80  >  60887 [PSH, ACK] Seq=1 Ack=379 Win=30016 Len=0"
"47","1.962564","192.168.0.11","192.168.0.1","TCP","54","[TCP ACKed unseen segment] [TCP Previous segment not captured] 60887  >  80 [ACK] Seq=379 Ack=371 Win=6432 Len=0"
"48","1.979566","192.168.0.12","192.168.0.1","TCP","66","[TCP ACKed unseen segment] [TCP Previous segment not captured] 443  >  58372 [ACK] Seq=4915 Ack=1184 Win=31232 Len=0 TSval=595458128 TSecr=477633101"
"49","1.979575","192.168.0.12","192.168.0.1","TCP","66","[TCP Dup ACK 48#1] 443  >  58372 [PSH, ACK] Seq=4915 Ack=1184 Win=31232 Len=0 TSval=595458128 TSecr=477633101"
"50","1.979588","192.168.0.1","192.168.0.12","TCP","54","58372  >  443 [RST] Seq=1184 Win=0 Len=0"
"51","1.979594","192.168.0.12","192.168.0.1","TCP","66","[TCP Previous segment not captured] 443  >  58372 [FIN, ACK] Seq=4946 Ack=1184 Win=31232 Len=0 TSval=595458128 TSecr=477633101"
"52","1.979598","192.168.0.1","192.168.0.12","TCP","54","58372  >  443 [RST] Seq=1184 Win=0 Len=0"
"53","1.980563","192.168.0.12","192.168.0.1","TCP","66","443  >  58372 [ACK] Seq=4947 Ack=1185 Win=31232 Len=0 TSval=595458129 TSecr=477633101"
"54","1.980574","192.168.0.1","192.168.0.12","TCP","54","58372  >  443 [RST] Seq=1185 Win=0 Len=0"
"55","2.080614","192.168.0.11","192.168.0.1","TCP","54","60886  >  80 [FIN, ACK] Seq=1 Ack=1 Win=11680 Len=0"
"56","2.080694","192.168.0.1","192.168.0.11","TCP","54","80  >  60886 [FIN, ACK] Seq=1 Ack=2 Win=30016 Len=0"
"57","2.080892","192.168.0.11","192.168.0.1","TCP","58","60888  >  80 [SYN] Seq=0 Win=5840 Len=0 MSS=1460"
"58","2.080913","192.168.0.1","192.168.0.11","TCP","58","80  >  60888 [SYN, ACK] Seq=0 Ack=1 Win=29200 Len=0 MSS=1460"
"59","2.081014","192.168.0.11","192.168.0.1","TCP","54","60886  >  80 [ACK] Seq=2 Ack=2 Win=11680 Len=0"
"60","2.081221","192.168.0.11","192.168.0.1","TCP","54","60888  >  80 [ACK] Seq=1 Ack=1 Win=5840 Len=0"
"61","2.081416","192.168.0.11","192.168.0.1","TCP","54","[TCP Dup ACK 60#1] 60888  >  80 [PSH, ACK] Seq=1 Ack=1 Win=5840 Len=0"
"62","2.081438","192.168.0.1","192.168.0.11","TCP","54","[TCP ACKed unseen segment] 80  >  60888 [ACK] Seq=1 Ack=369 Win=30016 Len=0"
"63","2.083159","192.168.0.1","192.168.0.11","TCP","54","[TCP Dup ACK 62#1] [TCP ACKed unseen segment] 80  >  60888 [PSH, ACK] Seq=1 Ack=369 Win=30016 Len=0"
"64","2.083595","192.168.0.11","192.168.0.1","TCP","54","[TCP ACKed unseen segment] [TCP Previous segment not captured] 60888  >  80 [ACK] Seq=369 Ack=1461 Win=8760 Len=0"
"65","2.083605","192.168.0.11","192.168.0.1","TCP","54","[TCP ACKed unseen segment] 60888  >  80 [ACK] Seq=369 Ack=2500 Win=11680 Len=0"
"66","2.116347","192.168.0.15","192.168.0.1","TCP","54","52441  >  80 [FIN, ACK] Seq=1 Ack=1 Win=251 Len=0"
"67","2.116360","192.168.0.1","192.168.0.15","TCP","54","80  >  52441 [ACK] Seq=1 Ack=2 Win=229 Len=0"
"68","2.116390","192.168.0.15","192.168.0.1","TCP","66","52445  >  80 [SYN] Seq=0 Win=8192 Len=0 MSS=1460 WS=256 SACK_PERM=1"
"69","2.116399","192.168.0.1","192.168.0.15","TCP","66","80  >  52445 [SYN, ACK] Seq=0 Ack=1 Win=29200 Len=0 MSS=1460 SACK_PERM=1 WS=128"
"70","2.116689","192.168.0.15","192.168.0.1","TCP","54","52445  >  80 [ACK] Seq=1 Ack=1 Win=65536 Len=0"
"71","2.116695","192.168.0.15","192.168.0.1","TCP","54","[TCP Dup ACK 70#1] 52445  >  80 [PSH, ACK] Seq=1 Ack=1 Win=65536 Len=0"
"72","2.116712","192.168.0.1","192.168.0.15","TCP","54","[TCP ACKed unseen segment] 80  >  52445 [ACK] Seq=1 Ack=113 Win=29312 Len=0"
"73","2.118000","192.168.0.1","192.168.0.15","TCP","54","[TCP Dup ACK 72#1] [TCP ACKed unseen segment] 80  >  52445 [PSH, ACK] Seq=1 Ack=113 Win=29312 Len=0"
"74","2.316245","192.168.0.15","192.168.0.1","TCP","54","[TCP ACKed unseen segment] [TCP Previous segment not captured] 52445  >  80 [ACK] Seq=113 Ack=1222 Win=64256 Len=0"
"75","4.733173","192.168.1.6","192.168.0.1","TCP","66","52537  >  80 [SYN] Seq=0 Win=8192 Len=0 MSS=1460 WS=256 SACK_PERM=1"
"76","1454.106845","10.128.0.67","192.168.1.9","TCP","74","54219  >  80 [SYN] Seq=0 Win=29200 Len=0 MSS=1460 SACK_PERM=1 TSval=1441947071 TSecr=0 WS=128"
"77","1454.106862","10.128.0.67","192.168.1.9","TCP","74","45112  >  80 [SYN] Seq=0 Win=29200 Len=0 MSS=1460 SACK_PERM=1 TSval=1441947071 TSecr=0 WS=128"
"78","1454.107018","192.168.1.9","10.128.0.67","TCP","66","80  >  54219 [SYN, ACK] Seq=0 Ack=1 Win=42340 Len=0 MSS=1460 SACK_PERM=1 WS=8192"
"79","1454.107023","192.168.1.9","10.128.0.67","TCP","66","80  >  45112 [SYN, ACK] Seq=0 Ack=1 Win=42340 Len=0 MSS=1460 SACK_PERM=1 WS=8192"
"80","1454.107166","10.128.0.67","192.168.1.9","TCP","54","54219  >  80 [ACK] Seq=1 Ack=1 Win=29312 Len=0"
"81","1454.107175","10.128.0.67","192.168.1.9","HTTP","254","GET /bcrypt.php HTTP/1.1 "
"82","1454.107179","10.128.0.67","192.168.1.9","TCP","54","45112  >  80 [ACK] Seq=1 Ack=1 Win=29312 Len=0"
"83","1454.107190","10.128.0.67","192.168.1.9","TCP","414","45112  >  80 [PSH, ACK] Seq=1 Ack=1 Win=29312 Len=360 [TCP segment of a reassembled PDU]"
"84","1454.107198","192.168.1.9","10.128.0.67","TCP","54","80  >  54219 [ACK] Seq=1 Ack=201 Win=49152 Len=0"
"85","1454.107210","192.168.1.9","10.128.0.67","TCP","54","80  >  45112 [ACK] Seq=1 Ack=361 Win=49152 Len=0"
"86","1454.107578","192.168.1.9","10.128.0.67","TCP","346","80  >  54219 [PSH, ACK] Seq=1 Ack=201 Win=49152 Len=292 [TCP segment of a reassembled PDU]"
"87","1454.107641","10.128.0.67","192.168.1.9","TCP","54","54219  >  80 [ACK] Seq=201 Ack=293 Win=30336 Len=0"
"88","1454.107690","10.128.0.67","192.168.1.9","TCP","60","54219  >  80 [FIN, ACK] Seq=201 Ack=293 Win=30336 Len=0"
"89","1454.109847","10.128.0.55","192.168.1.9","TCP","74","33037  >  80 [SYN] Seq=0 Win=29200 Len=0 MSS=1460 SACK_PERM=1 TSval=1441947072 TSecr=0 WS=128"
"90","1454.109846","10.128.0.55","192.168.1.9","TCP","74","51727  >  80 [SYN] Seq=0 Win=29200 Len=0 MSS=1460 SACK_PERM=1 TSval=1441947072 TSecr=0 WS=128"
"91","1454.109931","192.168.1.9","10.128.0.55","TCP","66","80  >  33037 [SYN, ACK] Seq=0 Ack=1 Win=42340 Len=0 MSS=1460 SACK_PERM=1 WS=8192"
"92","1454.109933","192.168.1.9","10.128.0.55","TCP","66","80  >  51727 [SYN, ACK] Seq=0 Ack=1 Win=42340 Len=0 MSS=1460 SACK_PERM=1 WS=8192"
"93","1454.110006","10.128.0.55","192.168.1.9","TCP","54","33037  >  80 [ACK] Seq=1 Ack=1 Win=29312 Len=0"
"94","1454.110036","10.128.0.55","192.168.1.9","TCP","414","33037  >  80 [PSH, ACK] Seq=1 Ack=1 Win=29312 Len=360 [TCP segment of a reassembled PDU]"
"95","1454.110038","10.128.0.55","192.168.1.9","TCP","54","51727  >  80 [ACK] Seq=1 Ack=1 Win=29312 Len=0"
"96","1454.110048","192.168.1.9","10.128.0.55","TCP","54","80  >  33037 [ACK] Seq=1 Ack=361 Win=49152 Len=0"
"97","1454.110048","10.128.0.55","192.168.1.9","HTTP","254","GET /bcrypt.php HTTP/1.1 "
"98","1454.110067","192.168.1.9","10.128.0.55","TCP","54","80  >  51727 [ACK] Seq=1 Ack=201 Win=49152 Len=0"
"99","1454.110352","192.168.1.9","10.128.0.55","TCP","345","80  >  51727 [PSH, ACK] Seq=1 Ack=201 Win=49152 Len=291 [TCP segment of a reassembled PDU]"
"100","1454.110555","10.128.0.68","192.168.1.9","TCP","74","45276  >  80 [SYN] Seq=0 Win=29200 Len=0 MSS=1460 SACK_PERM=1 TSval=1441947072 TSecr=0 WS=128"
"101","1454.110556","10.128.0.68","192.168.1.9","TCP","74","37092  >  80 [SYN] Seq=0 Win=29200 Len=0 MSS=1460 SACK_PERM=1 TSval=1441947072 TSecr=0 WS=128"
"102","1454.110558","10.128.0.55","192.168.1.9","TCP","54","51727  >  80 [ACK] Seq=201 Ack=292 Win=30336 Len=0"
"103","1454.110570","10.128.0.55","192.168.1.9","TCP","60","51727  >  80 [FIN, ACK] Seq=201 Ack=292 Win=30336 Len=0"
"104","1454.110621","192.168.1.9","10.128.0.68","TCP","66","80  >  45276 [SYN, ACK] Seq=0 Ack=1 Win=42340 Len=0 MSS=1460 SACK_PERM=1 WS=8192"
"105","1454.110624","192.168.1.9","10.128.0.68","TCP","66","80  >  37092 [SYN, ACK] Seq=0 Ack=1 Win=42340 Len=0 MSS=1460 SACK_PERM=1 WS=8192"
"106","1454.110701","10.128.0.68","192.168.1.9","TCP","54","45276  >  80 [ACK] Seq=1 Ack=1 Win=29312 Len=0"
"107","1454.110713","10.128.0.68","192.168.1.9","TCP","54","37092  >  80 [ACK] Seq=1 Ack=1 Win=29312 Len=0"
"108","1454.111687","10.128.0.56","192.168.1.9","TCP","74","53450  >  80 [SYN] Seq=0 Win=29200 Len=0 MSS=1460 SACK_PERM=1 TSval=1441947072 TSecr=0 WS=128"
"109","1454.111702","10.128.0.56","192.168.1.9","TCP","74","47341  >  80 [SYN] Seq=0 Win=29200 Len=0 MSS=1460 SACK_PERM=1 TSval=1441947072 TSecr=0 WS=128"
"110","1454.111752","192.168.1.9","10.128.0.56","TCP","66","80  >  53450 [SYN, ACK] Seq=0 Ack=1 Win=42340 Len=0 MSS=1460 SACK_PERM=1 WS=8192"
"111","1454.111754","192.168.1.9","10.128.0.56","TCP","66","80  >  47341 [SYN, ACK] Seq=0 Ack=1 Win=42340 Len=0 MSS=1460 SACK_PERM=1 WS=8192"
"112","1454.111794","10.128.0.52","192.168.1.9","TCP","74","44019  >  80 [SYN] Seq=0 Win=29200 Len=0 MSS=1460 SACK_PERM=1 TSval=1441947072 TSecr=0 WS=128"
"113","1454.111808","10.128.0.52","192.168.1.9","TCP","74","39637  >  80 [SYN] Seq=0 Win=29200 Len=0 MSS=1460 SACK_PERM=1 TSval=1441947072 TSecr=0 WS=128"
"114","1454.111816","10.128.0.56","192.168.1.9","TCP","54","53450  >  80 [ACK] Seq=1 Ack=1 Win=29312 Len=0"
"115","1454.111823","10.128.0.56","192.168.1.9","HTTP","254","GET /bcrypt.php HTTP/1.1 "
"116","1454.111826","10.128.0.56","192.168.1.9","TCP","54","47341  >  80 [ACK] Seq=1 Ack=1 Win=29312 Len=0"
"117","1454.111832","10.128.0.56","192.168.1.9","TCP","414","47341  >  80 [PSH, ACK] Seq=1 Ack=1 Win=29312 Len=360 [TCP segment of a reassembled PDU]"
"118","1454.111839","192.168.1.9","10.128.0.56","TCP","54","80  >  53450 [ACK] Seq=1 Ack=201 Win=49152 Len=0"
"119","1454.111844","192.168.1.9","10.128.0.56","TCP","54","80  >  47341 [ACK] Seq=1 Ack=361 Win=49152 Len=0"
"120","1454.111860","192.168.1.9","10.128.0.52","TCP","66","80  >  44019 [SYN, ACK] Seq=0 Ack=1 Win=42340 Len=0 MSS=1460 SACK_PERM=1 WS=8192"
"121","1454.111862","192.168.1.9","10.128.0.52","TCP","66","80  >  39637 [SYN, ACK] Seq=0 Ack=1 Win=42340 Len=0 MSS=1460 SACK_PERM=1 WS=8192"
"122","1454.111910","10.128.0.68","192.168.1.9","HTTP","254","GET /bcrypt.php HTTP/1.1 "
"123","1454.111917","192.168.1.9","10.128.0.68","TCP","54","80  >  45276 [ACK] Seq=1 Ack=201 Win=49152 Len=0"
"124","1454.111918","10.128.0.68","192.168.1.9","TCP","414","37092  >  80 [PSH, ACK] Seq=1 Ack=1 Win=29312 Len=360 [TCP segment of a reassembled PDU]"
"125","1454.111926","192.168.1.9","10.128.0.68","TCP","54","80  >  37092 [ACK] Seq=1 Ack=361 Win=49152 Len=0"
"126","1454.111931","10.128.0.52","192.168.1.9","TCP","54","44019  >  80 [ACK] Seq=1 Ack=1 Win=29312 Len=0"
"127","1454.111947","10.128.0.52","192.168.1.9","TCP","54","39637  >  80 [ACK] Seq=1 Ack=1 Win=29312 Len=0"
"128","1454.111953","10.128.0.52","192.168.1.9","HTTP","254","GET /bcrypt.php HTTP/1.1 "
"129","1454.111961","192.168.1.9","10.128.0.52","TCP","54","80  >  44019 [ACK] Seq=1 Ack=201 Win=49152 Len=0"
"130","1454.111976","10.128.0.52","192.168.1.9","TCP","414","39637  >  80 [PSH, ACK] Seq=1 Ack=1 Win=29312 Len=360 [TCP segment of a reassembled PDU]"
"131","1454.111982","192.168.1.9","10.128.0.52","TCP","54","80  >  39637 [ACK] Seq=1 Ack=361 Win=49152 Len=0"
"132","1454.112102","192.168.1.9","10.128.0.56","TCP","346","80  >  53450 [PSH, ACK] Seq=1 Ack=201 Win=49152 Len=292 [TCP segment of a reassembled PDU]"
"133","1454.112154","10.128.0.56","192.168.1.9","TCP","54","53450  >  80 [ACK] Seq=201 Ack=293 Win=30336 Len=0"
"134","1454.112207","10.128.0.56","192.168.1.9","TCP","60","53450  >  80 [FIN, ACK] Seq=201 Ack=293 Win=30336 Len=0"
"135","1454.113566","10.128.0.53","192.168.1.9","TCP","74","47416  >  80 [SYN] Seq=0 Win=29200 Len=0 MSS=1460 SACK_PERM=1 TSval=1441947073 TSecr=0 WS=128"
"136","1454.113611","10.128.0.53","192.168.1.9","TCP","74","47086  >  80 [SYN] Seq=0 Win=29200 Len=0 MSS=1460 SACK_PERM=1 TSval=1441947073 TSecr=0 WS=128"
"137","1454.113637","192.168.1.9","10.128.0.53","TCP","66","80  >  47416 [SYN, ACK] Seq=0 Ack=1 Win=42340 Len=0 MSS=1460 SACK_PERM=1 WS=8192"
"138","1454.113639","192.168.1.9","10.128.0.53","TCP","66","80  >  47086 [SYN, ACK] Seq=0 Ack=1 Win=42340 Len=0 MSS=1460 SACK_PERM=1 WS=8192"
"139","1454.113702","10.128.0.53","192.168.1.9","TCP","54","47416  >  80 [ACK] Seq=1 Ack=1 Win=29312 Len=0"
"140","1454.113715","10.128.0.53","192.168.1.9","HTTP","254","GET /bcrypt.php HTTP/1.1 "
"141","1454.113721","192.168.1.9","10.128.0.53","TCP","54","80  >  47416 [ACK] Seq=1 Ack=201 Win=49152 Len=0"
"142","1454.113732","10.128.0.53","192.168.1.9","TCP","54","47086  >  80 [ACK] Seq=1 Ack=1 Win=29312 Len=0"
"143","1454.113741","10.128.0.53","192.168.1.9","TCP","414","47086  >  80 [PSH, ACK] Seq=1 Ack=1 Win=29312 Len=360 [TCP segment of a reassembled PDU]"
"144","1454.113760","192.168.1.9","10.128.0.53","TCP","54","80  >  47086 [ACK] Seq=1 Ack=361 Win=49152 Len=0"
"145","1454.116455","10.128.0.77","192.168.1.9","TCP","74","48961  >  80 [SYN] Seq=0 Win=29200 Len=0 MSS=1460 SACK_PERM=1 TSval=1441947073 TSecr=0 WS=128"
"146","1454.116497","10.128.0.77","192.168.1.9","TCP","74","44039  >  80 [SYN] Seq=0 Win=29200 Len=0 MSS=1460 SACK_PERM=1 TSval=1441947073 TSecr=0 WS=128"
"147","1454.116531","192.168.1.9","10.128.0.77","TCP","66","80  >  48961 [SYN, ACK] Seq=0 Ack=1 Win=42340 Len=0 MSS=1460 SACK_PERM=1 WS=8192"
"148","1454.116533","192.168.1.9","10.128.0.77","TCP","66","80  >  44039 [SYN, ACK] Seq=0 Ack=1 Win=42340 Len=0 MSS=1460 SACK_PERM=1 WS=8192"
"149","1454.116565","10.128.0.96","192.168.1.9","TCP","74","54145  >  80 [SYN] Seq=0 Win=29200 Len=0 MSS=1460 SACK_PERM=1 TSval=1441947073 TSecr=0 WS=128"
"150","1454.116587","10.128.0.96","192.168.1.9","TCP","74","54748  >  80 [SYN] Seq=0 Win=29200 Len=0 MSS=1460 SACK_PERM=1 TSval=1441947073 TSecr=0 WS=128"
"151","1454.116596","10.128.0.77","192.168.1.9","TCP","54","48961  >  80 [ACK] Seq=1 Ack=1 Win=29312 Len=0"
"152","1454.116609","10.128.0.77","192.168.1.9","HTTP","254","GET /bcrypt.php HTTP/1.1 "
"153","1454.116616","192.168.1.9","10.128.0.77","TCP","54","80  >  48961 [ACK] Seq=1 Ack=201 Win=49152 Len=0"
"154","1454.116635","192.168.1.9","10.128.0.96","TCP","66","80  >  54145 [SYN, ACK] Seq=0 Ack=1 Win=42340 Len=0 MSS=1460 SACK_PERM=1 WS=8192"
"155","1454.116637","192.168.1.9","10.128.0.96","TCP","66","80  >  54748 [SYN, ACK] Seq=0 Ack=1 Win=42340 Len=0 MSS=1460 SACK_PERM=1 WS=8192"
"156","1454.116637","10.128.0.77","192.168.1.9","TCP","54","44039  >  80 [ACK] Seq=1 Ack=1 Win=29312 Len=0"
"157","1454.116646","10.128.0.77","192.168.1.9","TCP","414","44039  >  80 [PSH, ACK] Seq=1 Ack=1 Win=29312 Len=360 [TCP segment of a reassembled PDU]"
"158","1454.116665","192.168.1.9","10.128.0.77","TCP","54","80  >  44039 [ACK] Seq=1 Ack=361 Win=49152 Len=0"
"159","1454.116714","10.128.0.96","192.168.1.9","TCP","54","54145  >  80 [ACK] Seq=1 Ack=1 Win=29312 Len=0"
"160","1454.116742","10.128.0.96","192.168.1.9","TCP","54","54748  >  80 [ACK] Seq=1 Ack=1 Win=29312 Len=0"
"161","1454.117929","10.128.0.95","192.168.1.9","TCP","74","60287  >  80 [SYN] Seq=0 Win=29200 Len=0 MSS=1460 SACK_PERM=1 TSval=1441947074 TSecr=0 WS=128"
"162","1454.117952","10.128.0.95","192.168.1.9","TCP","74","39202  >  80 [SYN] Seq=0 Win=29200 Len=0 MSS=1460 SACK_PERM=1 TSval=1441947074 TSecr=0 WS=128"
"163","1454.117995","192.168.1.9","10.128.0.95","TCP","66","80  >  60287 [SYN, ACK] Seq=0 Ack=1 Win=42340 Len=0 MSS=1460 SACK_PERM=1 WS=8192"
"164","1454.117996","192.168.1.9","10.128.0.95","TCP","66","80  >  39202 [SYN, ACK] Seq=0 Ack=1 Win=42340 Len=0 MSS=1460 SACK_PERM=1 WS=8192"
"165","1454.118063","10.128.0.95","192.168.1.9","TCP","54","60287  >  80 [ACK] Seq=1 Ack=1 Win=29312 Len=0"
"166","1454.118078","10.128.0.95","192.168.1.9","TCP","54","39202  >  80 [ACK] Seq=1 Ack=1 Win=29312 Len=0"
"167","1454.118089","10.128.0.95","192.168.1.9","HTTP","254","GET /bcrypt.php HTTP/1.1 "
"168","1454.118096","192.168.1.9","10.128.0.95","TCP","54","80  >  60287 [ACK] Seq=1 Ack=201 Win=49152 Len=0"
"169","1454.118102","10.128.0.95","192.168.1.9","TCP","414","39202  >  80 [PSH, ACK] Seq=1 Ack=1 Win=29312 Len=360 [TCP segment of a reassembled PDU]"
"170","1454.118108","192.168.1.9","10.128.0.95","TCP","54","80  >  39202 [ACK] Seq=1 Ack=361 Win=49152 Len=0"
"171","1454.118815","192.168.1.9","10.128.0.68","TCP","346","80  >  45276 [PSH, ACK] Seq=1 Ack=201 Win=49152 Len=292 [TCP segment of a reassembled PDU]"
"172","1454.118881","10.128.0.68","192.168.1.9","TCP","54","45276  >  80 [ACK] Seq=201 Ack=293 Win=30336 Len=0"
"173","1454.118929","10.128.0.68","192.168.1.9","TCP","60","45276  >  80 [FIN, ACK] Seq=201 Ack=293 Win=30336 Len=0"
"174","1454.120098","10.128.0.97","192.168.1.9","TCP","74","35258  >  80 [SYN] Seq=0 Win=29200 Len=0 MSS=1460 SACK_PERM=1 TSval=1441947074 TSecr=0 WS=128"
"175","1454.120136","10.128.0.97","192.168.1.9","TCP","74","37607  >  80 [SYN] Seq=0 Win=29200 Len=0 MSS=1460 SACK_PERM=1 TSval=1441947074 TSecr=0 WS=128"
"176","1454.120165","192.168.1.9","10.128.0.97","TCP","66","80  >  35258 [SYN, ACK] Seq=0 Ack=1 Win=42340 Len=0 MSS=1460 SACK_PERM=1 WS=8192"
"177","1454.120166","192.168.1.9","10.128.0.97","TCP","66","80  >  37607 [SYN, ACK] Seq=0 Ack=1 Win=42340 Len=0 MSS=1460 SACK_PERM=1 WS=8192"
"178","1454.120245","10.128.0.97","192.168.1.9","TCP","54","37607  >  80 [ACK] Seq=1 Ack=1 Win=29312 Len=0"
"179","1454.120252","10.128.0.97","192.168.1.9","TCP","414","37607  >  80 [PSH, ACK] Seq=1 Ack=1 Win=29312 Len=360 [TCP segment of a reassembled PDU]"
"180","1454.120254","10.128.0.97","192.168.1.9","TCP","54","35258  >  80 [ACK] Seq=1 Ack=1 Win=29312 Len=0"
"181","1454.120266","192.168.1.9","10.128.0.97","TCP","54","80  >  37607 [ACK] Seq=1 Ack=361 Win=49152 Len=0"
"182","1454.120270","10.128.0.97","192.168.1.9","HTTP","254","GET /bcrypt.php HTTP/1.1 "
"183","1454.120276","192.168.1.9","10.128.0.97","TCP","54","80  >  35258 [ACK] Seq=1 Ack=201 Win=49152 Len=0"
"184","1454.120289","10.128.0.54","192.168.1.9","TCP","74","41422  >  80 [SYN] Seq=0 Win=29200 Len=0 MSS=1460 SACK_PERM=1 TSval=1441947074 TSecr=0 WS=128"
"185","1454.120305","10.128.0.54","192.168.1.9","TCP","74","38474  >  80 [SYN] Seq=0 Win=29200 Len=0 MSS=1460 SACK_PERM=1 TSval=1441947074 TSecr=0 WS=128"
"186","1454.120352","192.168.1.9","10.128.0.54","TCP","66","80  >  41422 [SYN, ACK] Seq=0 Ack=1 Win=42340 Len=0 MSS=1460 SACK_PERM=1 WS=8192"
"187","1454.120353","192.168.1.9","10.128.0.54","TCP","66","80  >  38474 [SYN, ACK] Seq=0 Ack=1 Win=42340 Len=0 MSS=1460 SACK_PERM=1 WS=8192"
"188","1454.120365","10.128.0.58","192.168.1.9","TCP","74","44077  >  80 [SYN] Seq=0 Win=29200 Len=0 MSS=1460 SACK_PERM=1 TSval=1441947074 TSecr=0 WS=128"
"189","1454.120384","10.128.0.58","192.168.1.9","TCP","74","35608  >  80 [SYN] Seq=0 Win=29200 Len=0 MSS=1460 SACK_PERM=1 TSval=1441947074 TSecr=0 WS=128"
"190","1454.120409","10.128.0.51","192.168.1.9","TCP","74","48936  >  80 [SYN] Seq=0 Win=29200 Len=0 MSS=1460 SACK_PERM=1 TSval=1441947074 TSecr=0 WS=128"
"191","1454.120424","192.168.1.9","10.128.0.58","TCP","66","80  >  44077 [SYN, ACK] Seq=0 Ack=1 Win=42340 Len=0 MSS=1460 SACK_PERM=1 WS=8192"
"192","1454.120426","192.168.1.9","10.128.0.58","TCP","66","80  >  35608 [SYN, ACK] Seq=0 Ack=1 Win=42340 Len=0 MSS=1460 SACK_PERM=1 WS=8192"
"193","1454.120437","10.128.0.51","192.168.1.9","TCP","74","53268  >  80 [SYN] Seq=0 Win=29200 Len=0 MSS=1460 SACK_PERM=1 TSval=1441947074 TSecr=0 WS=128"
"194","1454.120448","10.128.0.54","192.168.1.9","TCP","54","38474  >  80 [ACK] Seq=1 Ack=1 Win=29312 Len=0"
"195","1454.120457","10.128.0.54","192.168.1.9","TCP","54","41422  >  80 [ACK] Seq=1 Ack=1 Win=29312 Len=0"
"196","1454.120465","192.168.1.9","10.128.0.51","TCP","66","80  >  48936 [SYN, ACK] Seq=0 Ack=1 Win=42340 Len=0 MSS=1460 SACK_PERM=1 WS=8192"
"197","1454.120467","192.168.1.9","10.128.0.51","TCP","66","80  >  53268 [SYN, ACK] Seq=0 Ack=1 Win=42340 Len=0 MSS=1460 SACK_PERM=1 WS=8192"
"198","1454.120497","10.128.0.58","192.168.1.9","TCP","54","44077  >  80 [ACK] Seq=1 Ack=1 Win=29312 Len=0"
"199","1454.120508","10.128.0.58","192.168.1.9","HTTP","254","GET /bcrypt.php HTTP/1.1 "
"200","1454.120512","192.168.1.9","10.128.0.58","TCP","54","80  >  44077 [ACK] Seq=1 Ack=201 Win=49152 Len=0"
"201","1454.120515","10.128.0.58","192.168.1.9","TCP","54","35608  >  80 [ACK] Seq=1 Ack=1 Win=29312 Len=0"
"202","1454.120531","10.128.0.58","192.168.1.9","TCP","414","35608  >  80 [PSH, ACK] Seq=1 Ack=1 Win=29312 Len=360 [TCP segment of a reassembled PDU]"
"203","1454.120536","192.168.1.9","10.128.0.58","TCP","54","80  >  35608 [ACK] Seq=1 Ack=361 Win=49152 Len=0"
"204","1454.120540","10.128.0.51","192.168.1.9","TCP","54","48936  >  80 [ACK] Seq=1 Ack=1 Win=29312 Len=0"
"205","1454.120549","10.128.0.51","192.168.1.9","HTTP","254","GET /bcrypt.php HTTP/1.1 "
"206","1454.120556","192.168.1.9","10.128.0.51","TCP","54","80  >  48936 [ACK] Seq=1 Ack=201 Win=49152 Len=0"
"207","1454.120563","10.128.0.51","192.168.1.9","TCP","54","53268  >  80 [ACK] Seq=1 Ack=1 Win=29312 Len=0"
"208","1454.120565","10.128.0.51","192.168.1.9","TCP","414","53268  >  80 [PSH, ACK] Seq=1 Ack=1 Win=29312 Len=360 [TCP segment of a reassembled PDU]"
"209","1454.120570","192.168.1.9","10.128.0.51","TCP","54","80  >  53268 [ACK] Seq=1 Ack=361 Win=49152 Len=0"
"210","1454.120797","10.128.0.96","192.168.1.9","HTTP","254","GET /bcrypt.php HTTP/1.1 "
"211","1454.120802","192.168.1.9","10.128.0.96","TCP","54","80  >  54145 [ACK] Seq=1 Ack=201 Win=49152 Len=0"
"212","1454.120806","10.128.0.96","192.168.1.9","TCP","414","54748  >  80 [PSH, ACK] Seq=1 Ack=1 Win=29312 Len=360 [TCP segment of a reassembled PDU]"
"213","1454.120810","192.168.1.9","10.128.0.96","TCP","54","80  >  54748 [ACK] Seq=1 Ack=361 Win=49152 Len=0"
"214","1454.122892","192.168.1.9","10.128.0.52","TCP","346","80  >  44019 [PSH, ACK] Seq=1 Ack=201 Win=49152 Len=292 [TCP segment of a reassembled PDU]"
"215","1454.122955","10.128.0.52","192.168.1.9","TCP","54","44019  >  80 [ACK] Seq=201 Ack=293 Win=30336 Len=0"
"216","1454.123001","10.128.0.52","192.168.1.9","TCP","60","44019  >  80 [FIN, ACK] Seq=201 Ack=293 Win=30336 Len=0"
"217","1454.123512","10.128.0.87","192.168.1.9","TCP","74","57546  >  80 [SYN] Seq=0 Win=29200 Len=0 MSS=1460 SACK_PERM=1 TSval=1441947075 TSecr=0 WS=128"
"218","1454.123529","10.128.0.87","192.168.1.9","TCP","74","51386  >  80 [SYN] Seq=0 Win=29200 Len=0 MSS=1460 SACK_PERM=1 TSval=1441947075 TSecr=0 WS=128"
"219","1454.123580","192.168.1.9","10.128.0.87","TCP","66","80  >  57546 [SYN, ACK] Seq=0 Ack=1 Win=42340 Len=0 MSS=1460 SACK_PERM=1 WS=8192"
"220","1454.123580","192.168.1.9","10.128.0.87","TCP","66","80  >  51386 [SYN, ACK] Seq=0 Ack=1 Win=42340 Len=0 MSS=1460 SACK_PERM=1 WS=8192"
"221","1454.123604","10.128.0.63","192.168.1.9","TCP","74","58448  >  80 [SYN] Seq=0 Win=29200 Len=0 MSS=1460 SACK_PERM=1 TSval=1441947075 TSecr=0 WS=128"
"222","1454.123637","10.128.0.63","192.168.1.9","TCP","74","47224  >  80 [SYN] Seq=0 Win=29200 Len=0 MSS=1460 SACK_PERM=1 TSval=1441947075 TSecr=0 WS=128"
"223","1454.123648","10.128.0.86","192.168.1.9","TCP","74","40994  >  80 [SYN] Seq=0 Win=29200 Len=0 MSS=1460 SACK_PERM=1 TSval=1441947075 TSecr=0 WS=128"
"224","1454.123668","192.168.1.9","10.128.0.63","TCP","66","80  >  58448 [SYN, ACK] Seq=0 Ack=1 Win=42340 Len=0 MSS=1460 SACK_PERM=1 WS=8192"
"225","1454.123668","192.168.1.9","10.128.0.63","TCP","66","80  >  47224 [SYN, ACK] Seq=0 Ack=1 Win=42340 Len=0 MSS=1460 SACK_PERM=1 WS=8192"
"226","1454.123670","10.128.0.87","192.168.1.9","TCP","54","57546  >  80 [ACK] Seq=1 Ack=1 Win=29312 Len=0"
"227","1454.123689","10.128.0.87","192.168.1.9","TCP","54","51386  >  80 [ACK] Seq=1 Ack=1 Win=29312 Len=0"
"228","1454.123690","10.128.0.86","192.168.1.9","TCP","74","60049  >  80 [SYN] Seq=0 Win=29200 Len=0 MSS=1460 SACK_PERM=1 TSval=1441947075 TSecr=0 WS=128"
"229","1454.123708","192.168.1.9","10.128.0.86","TCP","66","80  >  40994 [SYN, ACK] Seq=0 Ack=1 Win=42340 Len=0 MSS=1460 SACK_PERM=1 WS=8192"
"230","1454.123708","192.168.1.9","10.128.0.86","TCP","66","80  >  60049 [SYN, ACK] Seq=0 Ack=1 Win=42340 Len=0 MSS=1460 SACK_PERM=1 WS=8192"
"231","1454.123762","10.128.0.63","192.168.1.9","TCP","54","58448  >  80 [ACK] Seq=1 Ack=1 Win=29312 Len=0"
"232","1454.123775","10.128.0.86","192.168.1.9","TCP","54","40994  >  80 [ACK] Seq=1 Ack=1 Win=29312 Len=0"
"233","1454.123785","10.128.0.86","192.168.1.9","HTTP","254","GET /bcrypt.php HTTP/1.1 "
"234","1454.123787","10.128.0.86","192.168.1.9","TCP","54","60049  >  80 [ACK] Seq=1 Ack=1 Win=29312 Len=0"
"235","1454.123788","192.168.1.9","10.128.0.86","TCP","54","80  >  40994 [ACK] Seq=1 Ack=201 Win=49152 Len=0"
"236","1454.123802","10.128.0.63","192.168.1.9","TCP","54","47224  >  80 [ACK] Seq=1 Ack=1 Win=29312 Len=0"
"237","1454.123803","10.128.0.86","192.168.1.9","TCP","414","60049  >  80 [PSH, ACK] Seq=1 Ack=1 Win=29312 Len=360 [TCP segment of a reassembled PDU]"
"238","1454.123806","192.168.1.9","10.128.0.86","TCP","54","80  >  60049 [ACK] Seq=1 Ack=361 Win=49152 Len=0"
"239","1454.124135","10.128.0.87","192.168.1.9","HTTP","254","GET /bcrypt.php HTTP/1.1 "
"240","1454.124138","192.168.1.9","10.128.0.87","TCP","54","80  >  57546 [ACK] Seq=1 Ack=201 Win=49152 Len=0"
"241","1454.124144","10.128.0.87","192.168.1.9","TCP","414","51386  >  80 [PSH, ACK] Seq=1 Ack=1 Win=29312 Len=360 [TCP segment of a reassembled PDU]"
"242","1454.124146","192.168.1.9","10.128.0.87","TCP","54","80  >  51386 [ACK] Seq=1 Ack=361 Win=49152 Len=0"
"243","1454.124407","10.128.0.98","192.168.1.9","TCP","74","37584  >  80 [SYN] Seq=0 Win=29200 Len=0 MSS=1460 SACK_PERM=1 TSval=1441947075 TSecr=0 WS=128"
"244","1454.124425","10.128.0.98","192.168.1.9","TCP","74","36467  >  80 [SYN] Seq=0 Win=29200 Len=0 MSS=1460 SACK_PERM=1 TSval=1441947075 TSecr=0 WS=128"
"245","1454.124466","192.168.1.9","10.128.0.98","TCP","66","80  >  37584 [SYN, ACK] Seq=0 Ack=1 Win=42340 Len=0 MSS=1460 SACK_PERM=1 WS=8192"
"246","1454.124466","192.168.1.9","10.128.0.98","TCP","66","80  >  36467 [SYN, ACK] Seq=0 Ack=1 Win=42340 Len=0 MSS=1460 SACK_PERM=1 WS=8192"
"247","1454.124532","10.128.0.98","192.168.1.9","TCP","54","36467  >  80 [ACK] Seq=1 Ack=1 Win=29312 Len=0"
"248","1454.124546","10.128.0.50","192.168.1.9","TCP","74","54704  >  80 [SYN] Seq=0 Win=29200 Len=0 MSS=1460 SACK_PERM=1 TSval=1441947075 TSecr=0 WS=128"
"249","1454.124548","192.168.1.9","10.128.0.50","TCP","66","80  >  54704 [SYN, ACK] Seq=0 Ack=1 Win=42340 Len=0 MSS=1460 SACK_PERM=1 WS=8192"
"250","1454.124549","10.128.0.98","192.168.1.9","TCP","54","37584  >  80 [ACK] Seq=1 Ack=1 Win=29312 Len=0"
"251","1454.124554","10.128.0.98","192.168.1.9","TCP","414","36467  >  80 [PSH, ACK] Seq=1 Ack=1 Win=29312 Len=360 [TCP segment of a reassembled PDU]"
"252","1454.124556","192.168.1.9","10.128.0.98","TCP","54","80  >  36467 [ACK] Seq=1 Ack=361 Win=49152 Len=0"
"253","1454.124567","10.128.0.98","192.168.1.9","HTTP","254","GET /bcrypt.php HTTP/1.1 "
"254","1454.124569","192.168.1.9","10.128.0.98","TCP","54","80  >  37584 [ACK] Seq=1 Ack=201 Win=49152 Len=0"
"255","1454.124587","10.128.0.50","192.168.1.9","TCP","74","48260  >  80 [SYN] Seq=0 Win=29200 Len=0 MSS=1460 SACK_PERM=1 TSval=1441947075 TSecr=0 WS=128"
"256","1454.124594","192.168.1.9","10.128.0.50","TCP","66","80  >  48260 [SYN, ACK] Seq=0 Ack=1 Win=42340 Len=0 MSS=1460 SACK_PERM=1 WS=8192"
"257","1454.124607","10.128.0.50","192.168.1.9","TCP","54","54704  >  80 [ACK] Seq=1 Ack=1 Win=29312 Len=0"
"258","1454.124665","10.128.0.50","192.168.1.9","HTTP","254","GET /bcrypt.php HTTP/1.1 "
"259","1454.124668","192.168.1.9","10.128.0.50","TCP","54","80  >  54704 [ACK] Seq=1 Ack=201 Win=49152 Len=0"
"260","1454.124669","10.128.0.50","192.168.1.9","TCP","54","48260  >  80 [ACK] Seq=1 Ack=1 Win=29312 Len=0"
"261","1454.124672","10.128.0.50","192.168.1.9","TCP","414","48260  >  80 [PSH, ACK] Seq=1 Ack=1 Win=29312 Len=360 [TCP segment of a reassembled PDU]"
"262","1454.124679","192.168.1.9","10.128.0.50","TCP","54","80  >  48260 [ACK] Seq=1 Ack=361 Win=49152 Len=0"
"263","1454.124803","10.128.0.63","192.168.1.9","HTTP","254","GET /bcrypt.php HTTP/1.1 "
"264","1454.124806","192.168.1.9","10.128.0.63","TCP","54","80  >  58448 [ACK] Seq=1 Ack=201 Win=49152 Len=0"
"265","1454.124829","10.128.0.63","192.168.1.9","TCP","414","47224  >  80 [PSH, ACK] Seq=1 Ack=1 Win=29312 Len=360 [TCP segment of a reassembled PDU]"
"266","1454.124838","192.168.1.9","10.128.0.63","TCP","54","80  >  47224 [ACK] Seq=1 Ack=361 Win=49152 Len=0"
"267","1454.125435","10.128.0.54","192.168.1.9","TCP","414","38474  >  80 [PSH, ACK] Seq=1 Ack=1 Win=29312 Len=360 [TCP segment of a reassembled PDU]"
"268","1454.125437","192.168.1.9","10.128.0.54","TCP","54","80  >  38474 [ACK] Seq=1 Ack=361 Win=49152 Len=0"
"269","1454.125438","10.128.0.54","192.168.1.9","HTTP","254","GET /bcrypt.php HTTP/1.1 "
"270","1454.125447","192.168.1.9","10.128.0.54","TCP","54","80  >  41422 [ACK] Seq=1 Ack=201 Win=49152 Len=0"
"271","1454.128074","10.128.0.94","192.168.1.9","TCP","74","59866  >  80 [SYN] Seq=0 Win=29200 Len=0 MSS=1460 SACK_PERM=1 TSval=1441947076 TSecr=0 WS=128"
"272","1454.128083","10.128.0.94","192.168.1.9","TCP","74","37104  >  80 [SYN] Seq=0 Win=29200 Len=0 MSS=1460 SACK_PERM=1 TSval=1441947076 TSecr=0 WS=128"
"273","1454.128143","192.168.1.9","10.128.0.94","TCP","66","80  >  59866 [SYN, ACK] Seq=0 Ack=1 Win=42340 Len=0 MSS=1460 SACK_PERM=1 WS=8192"
"274","1454.128143","192.168.1.9","10.128.0.94","TCP","66","80  >  37104 [SYN, ACK] Seq=0 Ack=1 Win=42340 Len=0 MSS=1460 SACK_PERM=1 WS=8192"
"275","1454.128211","10.128.0.94","192.168.1.9","TCP","54","37104  >  80 [ACK] Seq=1 Ack=1 Win=29312 Len=0"
"276","1454.128242","10.128.0.94","192.168.1.9","TCP","54","59866  >  80 [ACK] Seq=1 Ack=1 Win=29312 Len=0"
"277","1454.131424","10.128.0.60","192.168.1.9","TCP","74","43859  >  80 [SYN] Seq=0 Win=29200 Len=0 MSS=1460 SACK_PERM=1 TSval=1441947077 TSecr=0 WS=128"
"278","1454.131435","10.128.0.60","192.168.1.9","TCP","74","60848  >  80 [SYN] Seq=0 Win=29200 Len=0 MSS=1460 SACK_PERM=1 TSval=1441947077 TSecr=0 WS=128"
"279","1454.131500","192.168.1.9","10.128.0.60","TCP","66","80  >  43859 [SYN, ACK] Seq=0 Ack=1 Win=42340 Len=0 MSS=1460 SACK_PERM=1 WS=8192"
"280","1454.131501","192.168.1.9","10.128.0.60","TCP","66","80  >  60848 [SYN, ACK] Seq=0 Ack=1 Win=42340 Len=0 MSS=1460 SACK_PERM=1 WS=8192"
"281","1454.131584","10.128.0.60","192.168.1.9","TCP","54","43859  >  80 [ACK] Seq=1 Ack=1 Win=29312 Len=0"
"282","1454.131588","10.128.0.60","192.168.1.9","TCP","54","60848  >  80 [ACK] Seq=1 Ack=1 Win=29312 Len=0"
"283","1454.131638","10.128.0.60","192.168.1.9","HTTP","254","GET /bcrypt.php HTTP/1.1 "
"284","1454.131648","192.168.1.9","10.128.0.60","TCP","54","80  >  43859 [ACK] Seq=1 Ack=201 Win=49152 Len=0"
"285","1454.131650","10.128.0.60","192.168.1.9","TCP","414","60848  >  80 [PSH, ACK] Seq=1 Ack=1 Win=29312 Len=360 [TCP segment of a reassembled PDU]"
"286","1454.131653","192.168.1.9","10.128.0.60","TCP","54","80  >  60848 [ACK] Seq=1 Ack=361 Win=49152 Len=0"
"287","1454.132241","10.128.0.65","192.168.1.9","TCP","74","33492  >  80 [SYN] Seq=0 Win=29200 Len=0 MSS=1460 SACK_PERM=1 TSval=1441947077 TSecr=0 WS=128"
"288","1454.132279","10.128.0.65","192.168.1.9","TCP","74","50393  >  80 [SYN] Seq=0 Win=29200 Len=0 MSS=1460 SACK_PERM=1 TSval=1441947077 TSecr=0 WS=128"
"289","1454.132311","192.168.1.9","10.128.0.65","TCP","66","80  >  33492 [SYN, ACK] Seq=0 Ack=1 Win=42340 Len=0 MSS=1460 SACK_PERM=1 WS=8192"
"290","1454.132311","192.168.1.9","10.128.0.65","TCP","66","80  >  50393 [SYN, ACK] Seq=0 Ack=1 Win=42340 Len=0 MSS=1460 SACK_PERM=1 WS=8192"
"291","1454.132371","10.128.0.65","192.168.1.9","TCP","54","33492  >  80 [ACK] Seq=1 Ack=1 Win=29312 Len=0"
"292","1454.132394","10.128.0.65","192.168.1.9","HTTP","254","GET /bcrypt.php HTTP/1.1 "
"293","1454.132397","192.168.1.9","10.128.0.65","TCP","54","80  >  33492 [ACK] Seq=1 Ack=201 Win=49152 Len=0"
"294","1454.132397","10.128.0.65","192.168.1.9","TCP","54","50393  >  80 [ACK] Seq=1 Ack=1 Win=29312 Len=0"
"295","1454.132401","10.128.0.65","192.168.1.9","TCP","414","50393  >  80 [PSH, ACK] Seq=1 Ack=1 Win=29312 Len=360 [TCP segment of a reassembled PDU]"
"296","1454.132408","192.168.1.9","10.128.0.65","TCP","54","80  >  50393 [ACK] Seq=1 Ack=361 Win=49152 Len=0"
"297","1454.140259","10.128.0.61","192.168.1.9","TCP","74","49489  >  80 [SYN] Seq=0 Win=29200 Len=0 MSS=1460 SACK_PERM=1 TSval=1441947079 TSecr=0 WS=128"
"298","1454.140278","10.128.0.61","192.168.1.9","TCP","74","45004  >  80 [SYN] Seq=0 Win=29200 Len=0 MSS=1460 SACK_PERM=1 TSval=1441947079 TSecr=0 WS=128"
"299","1454.140328","192.168.1.9","10.128.0.61","TCP","66","80  >  49489 [SYN, ACK] Seq=0 Ack=1 Win=42340 Len=0 MSS=1460 SACK_PERM=1 WS=8192"
"300","1454.140329","192.168.1.9","10.128.0.61","TCP","66","80  >  45004 [SYN, ACK] Seq=0 Ack=1 Win=42340 Len=0 MSS=1460 SACK_PERM=1 WS=8192"
"301","1454.140411","10.128.0.61","192.168.1.9","TCP","54","49489  >  80 [ACK] Seq=1 Ack=1 Win=29312 Len=0"
"302","1454.140428","10.128.0.61","192.168.1.9","TCP","54","45004  >  80 [ACK] Seq=1 Ack=1 Win=29312 Len=0"
"303","1454.140800","10.128.0.61","192.168.1.9","HTTP","254","GET /bcrypt.php HTTP/1.1 "
"304","1454.140803","192.168.1.9","10.128.0.61","TCP","54","80  >  49489 [ACK] Seq=1 Ack=201 Win=49152 Len=0"
"305","1454.140808","10.128.0.61","192.168.1.9","TCP","414","45004  >  80 [PSH, ACK] Seq=1 Ack=1 Win=29312 Len=360 [TCP segment of a reassembled PDU]"
"306","1454.140811","192.168.1.9","10.128.0.61","TCP","54","80  >  45004 [ACK] Seq=1 Ack=361 Win=49152 Len=0"
"307","1454.144160","10.128.0.64","192.168.1.9","TCP","74","54257  >  80 [SYN] Seq=0 Win=29200 Len=0 MSS=1460 SACK_PERM=1 TSval=1441947080 TSecr=0 WS=128"
"308","1454.144180","10.128.0.76","192.168.1.9","TCP","74","44060  >  80 [SYN] Seq=0 Win=29200 Len=0 MSS=1460 SACK_PERM=1 TSval=1441947080 TSecr=0 WS=128"
"309","1454.144183","10.128.0.62","192.168.1.9","TCP","74","57785  >  80 [SYN] Seq=0 Win=29200 Len=0 MSS=1460 SACK_PERM=1 TSval=1441947080 TSecr=0 WS=128"
"310","1454.144185","10.128.0.91","192.168.1.9","TCP","74","35216  >  80 [SYN] Seq=0 Win=29200 Len=0 MSS=1460 SACK_PERM=1 TSval=1441947080 TSecr=0 WS=128"
"311","1454.144189","10.128.0.62","192.168.1.9","TCP","74","60985  >  80 [SYN] Seq=0 Win=29200 Len=0 MSS=1460 SACK_PERM=1 TSval=1441947080 TSecr=0 WS=128"
"312","1454.144191","10.128.0.64","192.168.1.9","TCP","74","49758  >  80 [SYN] Seq=0 Win=29200 Len=0 MSS=1460 SACK_PERM=1 TSval=1441947080 TSecr=0 WS=128"
"313","1454.144199","10.128.0.76","192.168.1.9","TCP","74","56475  >  80 [SYN] Seq=0 Win=29200 Len=0 MSS=1460 SACK_PERM=1 TSval=1441947080 TSecr=0 WS=128"
"314","1454.144202","10.128.0.91","192.168.1.9","TCP","74","38190  >  80 [SYN] Seq=0 Win=29200 Len=0 MSS=1460 SACK_PERM=1 TSval=1441947080 TSecr=0 WS=128"
"315","1454.144204","10.128.0.70","192.168.1.9","TCP","74","56422  >  80 [SYN] Seq=0 Win=29200 Len=0 MSS=1460 SACK_PERM=1 TSval=1441947080 TSecr=0 WS=128"
"316","1454.144218","10.128.0.70","192.168.1.9","TCP","74","50753  >  80 [SYN] Seq=0 Win=29200 Len=0 MSS=1460 SACK_PERM=1 TSval=1441947080 TSecr=0 WS=128"
"317","1454.144234","192.168.1.9","10.128.0.64","TCP","66","80  >  54257 [SYN, ACK] Seq=0 Ack=1 Win=42340 Len=0 MSS=1460 SACK_PERM=1 WS=8192"
"318","1454.144235","192.168.1.9","10.128.0.64","TCP","66","80  >  49758 [SYN, ACK] Seq=0 Ack=1 Win=42340 Len=0 MSS=1460 SACK_PERM=1 WS=8192"
"319","1454.144253","192.168.1.9","10.128.0.76","TCP","66","80  >  44060 [SYN, ACK] Seq=0 Ack=1 Win=42340 Len=0 MSS=1460 SACK_PERM=1 WS=8192"
"320","1454.144254","192.168.1.9","10.128.0.76","TCP","66","80  >  56475 [SYN, ACK] Seq=0 Ack=1 Win=42340 Len=0 MSS=1460 SACK_PERM=1 WS=8192"
"321","1454.144256","192.168.1.9","10.128.0.62","TCP","66","80  >  57785 [SYN, ACK] Seq=0 Ack=1 Win=42340 Len=0 MSS=1460 SACK_PERM=1 WS=8192"
"322","1454.144257","192.168.1.9","10.128.0.62","TCP","66","80  >  60985 [SYN, ACK] Seq=0 Ack=1 Win=42340 Len=0 MSS=1460 SACK_PERM=1 WS=8192"
"323","1454.144258","192.168.1.9","10.128.0.91","TCP","66","80  >  35216 [SYN, ACK] Seq=0 Ack=1 Win=42340 Len=0 MSS=1460 SACK_PERM=1 WS=8192"
"324","1454.144259","192.168.1.9","10.128.0.91","TCP","66","80  >  38190 [SYN, ACK] Seq=0 Ack=1 Win=42340 Len=0 MSS=1460 SACK_PERM=1 WS=8192"
"325","1454.144268","192.168.1.9","10.128.0.70","TCP","66","80  >  56422 [SYN, ACK] Seq=0 Ack=1 Win=42340 Len=0 MSS=1460 SACK_PERM=1 WS=8192"
"326","1454.144269","192.168.1.9","10.128.0.70","TCP","66","80  >  50753 [SYN, ACK] Seq=0 Ack=1 Win=42340 Len=0 MSS=1460 SACK_PERM=1 WS=8192"
"327","1454.144301","10.128.0.64","192.168.1.9","TCP","54","54257  >  80 [ACK] Seq=1 Ack=1 Win=29312 Len=0"
"328","1454.144319","10.128.0.64","192.168.1.9","HTTP","254","GET /bcrypt.php HTTP/1.1 "
"329","1454.144324","192.168.1.9","10.128.0.64","TCP","54","80  >  54257 [ACK] Seq=1 Ack=201 Win=49152 Len=0"
"330","1454.144331","10.128.0.64","192.168.1.9","TCP","54","49758  >  80 [ACK] Seq=1 Ack=1 Win=29312 Len=0"
"331","1454.144332","10.128.0.62","192.168.1.9","TCP","54","60985  >  80 [ACK] Seq=1 Ack=1 Win=29312 Len=0"
"332","1454.144333","10.128.0.64","192.168.1.9","TCP","414","49758  >  80 [PSH, ACK] Seq=1 Ack=1 Win=29312 Len=360 [TCP segment of a reassembled PDU]"
"333","1454.144336","192.168.1.9","10.128.0.64","TCP","54","80  >  49758 [ACK] Seq=1 Ack=361 Win=49152 Len=0"
"334","1454.144338","10.128.0.76","192.168.1.9","TCP","54","44060  >  80 [ACK] Seq=1 Ack=1 Win=29312 Len=0"
"335","1454.144339","10.128.0.91","192.168.1.9","TCP","54","35216  >  80 [ACK] Seq=1 Ack=1 Win=29312 Len=0"
"336","1454.144350","10.128.0.76","192.168.1.9","TCP","54","56475  >  80 [ACK] Seq=1 Ack=1 Win=29312 Len=0"
"337","1454.144352","10.128.0.62","192.168.1.9","TCP","54","57785  >  80 [ACK] Seq=1 Ack=1 Win=29312 Len=0"
"338","1454.144354","10.128.0.70","192.168.1.9","TCP","54","50753  >  80 [ACK] Seq=1 Ack=1 Win=29312 Len=0"
"339","1454.144355","10.128.0.91","192.168.1.9","TCP","54","38190  >  80 [ACK] Seq=1 Ack=1 Win=29312 Len=0"
"340","1454.144366","10.128.0.70","192.168.1.9","TCP","54","56422  >  80 [ACK] Seq=1 Ack=1 Win=29312 Len=0"
"341","1454.144497","10.128.0.69","192.168.1.9","TCP","74","38180  >  80 [SYN] Seq=0 Win=29200 Len=0 MSS=1460 SACK_PERM=1 TSval=1441947080 TSecr=0 WS=128"
"342","1454.144518","10.128.0.69","192.168.1.9","TCP","74","46779  >  80 [SYN] Seq=0 Win=29200 Len=0 MSS=1460 SACK_PERM=1 TSval=1441947080 TSecr=0 WS=128"
"343","1454.144553","192.168.1.9","10.128.0.69","TCP","66","80  >  38180 [SYN, ACK] Seq=0 Ack=1 Win=42340 Len=0 MSS=1460 SACK_PERM=1 WS=8192"
"344","1454.144554","192.168.1.9","10.128.0.69","TCP","66","80  >  46779 [SYN, ACK] Seq=0 Ack=1 Win=42340 Len=0 MSS=1460 SACK_PERM=1 WS=8192"
"345","1454.144607","10.128.0.69","192.168.1.9","TCP","54","46779  >  80 [ACK] Seq=1 Ack=1 Win=29312 Len=0"
"346","1454.144615","10.128.0.69","192.168.1.9","TCP","54","38180  >  80 [ACK] Seq=1 Ack=1 Win=29312 Len=0"
"347","1454.144657","10.128.0.69","192.168.1.9","HTTP","254","GET /bcrypt.php HTTP/1.1 "
"348","1454.144660","192.168.1.9","10.128.0.69","TCP","54","80  >  38180 [ACK] Seq=1 Ack=201 Win=49152 Len=0"
"349","1454.144665","10.128.0.69","192.168.1.9","TCP","414","46779  >  80 [PSH, ACK] Seq=1 Ack=1 Win=29312 Len=360 [TCP segment of a reassembled PDU]"
"350","1454.144668","192.168.1.9","10.128.0.69","TCP","54","80  >  46779 [ACK] Seq=1 Ack=361 Win=49152 Len=0"
"351","1454.146380","192.168.1.9","10.128.0.67","TCP","54","80  >  54219 [ACK] Seq=293 Ack=202 Win=49152 Len=0"
"352","1454.146706","10.128.0.59","192.168.1.9","TCP","74","33967  >  80 [SYN] Seq=0 Win=29200 Len=0 MSS=1460 SACK_PERM=1 TSval=1441947081 TSecr=0 WS=128"
"353","1454.146723","10.128.0.59","192.168.1.9","TCP","74","42947  >  80 [SYN] Seq=0 Win=29200 Len=0 MSS=1460 SACK_PERM=1 TSval=1441947081 TSecr=0 WS=128"
"354","1454.146766","192.168.1.9","10.128.0.59","TCP","66","80  >  33967 [SYN, ACK] Seq=0 Ack=1 Win=42340 Len=0 MSS=1460 SACK_PERM=1 WS=8192"
"355","1454.146766","192.168.1.9","10.128.0.59","TCP","66","80  >  42947 [SYN, ACK] Seq=0 Ack=1 Win=42340 Len=0 MSS=1460 SACK_PERM=1 WS=8192"
"356","1454.146780","10.128.0.93","192.168.1.9","TCP","74","46089  >  80 [SYN] Seq=0 Win=29200 Len=0 MSS=1460 SACK_PERM=1 TSval=1441947081 TSecr=0 WS=128"
"357","1454.146791","10.128.0.93","192.168.1.9","TCP","74","38057  >  80 [SYN] Seq=0 Win=29200 Len=0 MSS=1460 SACK_PERM=1 TSval=1441947081 TSecr=0 WS=128"
"358","1454.146829","192.168.1.9","10.128.0.93","TCP","66","80  >  46089 [SYN, ACK] Seq=0 Ack=1 Win=42340 Len=0 MSS=1460 SACK_PERM=1 WS=8192"
"359","1454.146829","192.168.1.9","10.128.0.93","TCP","66","80  >  38057 [SYN, ACK] Seq=0 Ack=1 Win=42340 Len=0 MSS=1460 SACK_PERM=1 WS=8192"
"360","1454.146838","10.128.0.59","192.168.1.9","TCP","54","33967  >  80 [ACK] Seq=1 Ack=1 Win=29312 Len=0"
"361","1454.146844","10.128.0.59","192.168.1.9","TCP","54","42947  >  80 [ACK] Seq=1 Ack=1 Win=29312 Len=0"
"362","1454.146886","10.128.0.93","192.168.1.9","TCP","54","38057  >  80 [ACK] Seq=1 Ack=1 Win=29312 Len=0"
"363","1454.146894","10.128.0.93","192.168.1.9","TCP","414","38057  >  80 [PSH, ACK] Seq=1 Ack=1 Win=29312 Len=360 [TCP segment of a reassembled PDU]"
"364","1454.146897","192.168.1.9","10.128.0.93","TCP","54","80  >  38057 [ACK] Seq=1 Ack=361 Win=49152 Len=0"
"365","1454.146900","10.128.0.93","192.168.1.9","TCP","54","46089  >  80 [ACK] Seq=1 Ack=1 Win=29312 Len=0"
"366","1454.146906","10.128.0.93","192.168.1.9","HTTP","254","GET /bcrypt.php HTTP/1.1 "
"367","1454.146909","192.168.1.9","10.128.0.93","TCP","54","80  >  46089 [ACK] Seq=1 Ack=201 Win=49152 Len=0"
"368","1454.147250","10.128.0.89","192.168.1.9","TCP","74","48982  >  80 [SYN] Seq=0 Win=29200 Len=0 MSS=1460 SACK_PERM=1 TSval=1441947081 TSecr=0 WS=128"
"369","1454.147270","10.128.0.89","192.168.1.9","TCP","74","35344  >  80 [SYN] Seq=0 Win=29200 Len=0 MSS=1460 SACK_PERM=1 TSval=1441947081 TSecr=0 WS=128"
"370","1454.147309","192.168.1.9","10.128.0.89","TCP","66","80  >  48982 [SYN, ACK] Seq=0 Ack=1 Win=42340 Len=0 MSS=1460 SACK_PERM=1 WS=8192"
"371","1454.147309","192.168.1.9","10.128.0.89","TCP","66","80  >  35344 [SYN, ACK] Seq=0 Ack=1 Win=42340 Len=0 MSS=1460 SACK_PERM=1 WS=8192"
"372","1454.147380","10.128.0.89","192.168.1.9","TCP","54","48982  >  80 [ACK] Seq=1 Ack=1 Win=29312 Len=0"
"373","1454.147393","10.128.0.89","192.168.1.9","TCP","54","35344  >  80 [ACK] Seq=1 Ack=1 Win=29312 Len=0"
"374","1454.147470","10.128.0.71","192.168.1.9","TCP","74","49642  >  80 [SYN] Seq=0 Win=29200 Len=0 MSS=1460 SACK_PERM=1 TSval=1441947081 TSecr=0 WS=128"
"375","1454.147487","10.128.0.71","192.168.1.9","TCP","74","49045  >  80 [SYN] Seq=0 Win=29200 Len=0 MSS=1460 SACK_PERM=1 TSval=1441947081 TSecr=0 WS=128"
"376","1454.147523","192.168.1.9","10.128.0.71","TCP","66","80  >  49642 [SYN, ACK] Seq=0 Ack=1 Win=42340 Len=0 MSS=1460 SACK_PERM=1 WS=8192"
"377","1454.147523","192.168.1.9","10.128.0.71","TCP","66","80  >  49045 [SYN, ACK] Seq=0 Ack=1 Win=42340 Len=0 MSS=1460 SACK_PERM=1 WS=8192"
"378","1454.147594","10.128.0.71","192.168.1.9","TCP","54","49642  >  80 [ACK] Seq=1 Ack=1 Win=29312 Len=0"
"379","1454.147605","10.128.0.71","192.168.1.9","TCP","54","49045  >  80 [ACK] Seq=1 Ack=1 Win=29312 Len=0"
"380","1454.147647","10.128.0.81","192.168.1.9","TCP","74","59779  >  80 [SYN] Seq=0 Win=29200 Len=0 MSS=1460 SACK_PERM=1 TSval=1441947081 TSecr=0 WS=128"
"381","1454.147669","10.128.0.81","192.168.1.9","TCP","74","60220  >  80 [SYN] Seq=0 Win=29200 Len=0 MSS=1460 SACK_PERM=1 TSval=1441947081 TSecr=0 WS=128"
"382","1454.147704","192.168.1.9","10.128.0.81","TCP","66","80  >  59779 [SYN, ACK] Seq=0 Ack=1 Win=42340 Len=0 MSS=1460 SACK_PERM=1 WS=8192"
"383","1454.147704","192.168.1.9","10.128.0.81","TCP","66","80  >  60220 [SYN, ACK] Seq=0 Ack=1 Win=42340 Len=0 MSS=1460 SACK_PERM=1 WS=8192"
"384","1454.147754","10.128.0.81","192.168.1.9","TCP","54","59779  >  80 [ACK] Seq=1 Ack=1 Win=29312 Len=0"
"385","1454.147762","10.128.0.81","192.168.1.9","TCP","54","60220  >  80 [ACK] Seq=1 Ack=1 Win=29312 Len=0"
"386","1454.147788","10.128.0.81","192.168.1.9","HTTP","254","GET /bcrypt.php HTTP/1.1 "
"387","1454.147791","192.168.1.9","10.128.0.81","TCP","54","80  >  59779 [ACK] Seq=1 Ack=201 Win=49152 Len=0"
"388","1454.147797","10.128.0.81","192.168.1.9","TCP","414","60220  >  80 [PSH, ACK] Seq=1 Ack=1 Win=29312 Len=360 [TCP segment of a reassembled PDU]"
"389","1454.147799","192.168.1.9","10.128.0.81","TCP","54","80  >  60220 [ACK] Seq=1 Ack=361 Win=49152 Len=0"
"390","1454.147846","10.128.0.94","192.168.1.9","HTTP","254","GET /bcrypt.php HTTP/1.1 "
"391","1454.147851","192.168.1.9","10.128.0.94","TCP","54","80  >  59866 [ACK] Seq=1 Ack=201 Win=49152 Len=0"
"392","1454.147853","10.128.0.94","192.168.1.9","TCP","414","37104  >  80 [PSH, ACK] Seq=1 Ack=1 Win=29312 Len=360 [TCP segment of a reassembled PDU]"
"393","1454.147856","192.168.1.9","10.128.0.94","TCP","54","80  >  37104 [ACK] Seq=1 Ack=361 Win=49152 Len=0"
"394","1454.148784","10.128.0.59","192.168.1.9","HTTP","254","GET /bcrypt.php HTTP/1.1 "
"395","1454.148787","192.168.1.9","10.128.0.59","TCP","54","80  >  33967 [ACK] Seq=1 Ack=201 Win=49152 Len=0"
"396","1454.148792","10.128.0.59","192.168.1.9","TCP","414","42947  >  80 [PSH, ACK] Seq=1 Ack=1 Win=29312 Len=360 [TCP segment of a reassembled PDU]"
"397","1454.148794","192.168.1.9","10.128.0.59","TCP","54","80  >  42947 [ACK] Seq=1 Ack=361 Win=49152 Len=0"
"398","1454.148802","10.128.0.91","192.168.1.9","HTTP","254","GET /bcrypt.php HTTP/1.1 "
"399","1454.148804","192.168.1.9","10.128.0.91","TCP","54","80  >  35216 [ACK] Seq=1 Ack=201 Win=49152 Len=0"
"400","1454.148815","10.128.0.91","192.168.1.9","TCP","414","38190  >  80 [PSH, ACK] Seq=1 Ack=1 Win=29312 Len=360 [TCP segment of a reassembled PDU]"
"401","1454.148819","192.168.1.9","10.128.0.91","TCP","54","80  >  38190 [ACK] Seq=1 Ack=361 Win=49152 Len=0"
"402","1454.150258","10.128.0.90","192.168.1.9","TCP","74","53283  >  80 [SYN] Seq=0 Win=29200 Len=0 MSS=1460 SACK_PERM=1 TSval=1441947082 TSecr=0 WS=128"
"403","1454.150274","10.128.0.90","192.168.1.9","TCP","74","60981  >  80 [SYN] Seq=0 Win=29200 Len=0 MSS=1460 SACK_PERM=1 TSval=1441947082 TSecr=0 WS=128"
"404","1454.150322","192.168.1.9","10.128.0.90","TCP","66","80  >  53283 [SYN, ACK] Seq=0 Ack=1 Win=42340 Len=0 MSS=1460 SACK_PERM=1 WS=8192"
"405","1454.150322","192.168.1.9","10.128.0.90","TCP","66","80  >  60981 [SYN, ACK] Seq=0 Ack=1 Win=42340 Len=0 MSS=1460 SACK_PERM=1 WS=8192"
"406","1454.150380","192.168.1.9","10.128.0.56","TCP","54","80  >  53450 [ACK] Seq=293 Ack=202 Win=49152 Len=0"
"407","1454.150381","192.168.1.9","10.128.0.55","TCP","54","80  >  51727 [ACK] Seq=292 Ack=202 Win=49152 Len=0"
"408","1454.150393","10.128.0.90","192.168.1.9","TCP","54","53283  >  80 [ACK] Seq=1 Ack=1 Win=29312 Len=0"
"409","1454.150407","10.128.0.90","192.168.1.9","TCP","54","60981  >  80 [ACK] Seq=1 Ack=1 Win=29312 Len=0"
"410","1454.152031","10.128.0.80","192.168.1.9","TCP","74","33901  >  80 [SYN] Seq=0 Win=29200 Len=0 MSS=1460 SACK_PERM=1 TSval=1441947082 TSecr=0 WS=128"
"411","1454.152049","10.128.0.80","192.168.1.9","TCP","74","50146  >  80 [SYN] Seq=0 Win=29200 Len=0 MSS=1460 SACK_PERM=1 TSval=1441947082 TSecr=0 WS=128"
"412","1454.152091","192.168.1.9","10.128.0.80","TCP","66","80  >  33901 [SYN, ACK] Seq=0 Ack=1 Win=42340 Len=0 MSS=1460 SACK_PERM=1 WS=8192"
"413","1454.152092","192.168.1.9","10.128.0.80","TCP","66","80  >  50146 [SYN, ACK] Seq=0 Ack=1 Win=42340 Len=0 MSS=1460 SACK_PERM=1 WS=8192"
"414","1454.152165","10.128.0.80","192.168.1.9","TCP","54","33901  >  80 [ACK] Seq=1 Ack=1 Win=29312 Len=0"
"415","1454.152173","10.128.0.80","192.168.1.9","TCP","54","50146  >  80 [ACK] Seq=1 Ack=1 Win=29312 Len=0"
"416","1454.152794","10.128.0.71","192.168.1.9","HTTP","254","GET /bcrypt.php HTTP/1.1 "
"417","1454.152797","192.168.1.9","10.128.0.71","TCP","54","80  >  49642 [ACK] Seq=1 Ack=201 Win=49152 Len=0"
"418","1454.152802","10.128.0.71","192.168.1.9","TCP","414","49045  >  80 [PSH, ACK] Seq=1 Ack=1 Win=29312 Len=360 [TCP segment of a reassembled PDU]"
"419","1454.152804","192.168.1.9","10.128.0.71","TCP","54","80  >  49045 [ACK] Seq=1 Ack=361 Win=49152 Len=0"
"420","1454.155910","10.128.0.72","192.168.1.9","TCP","74","57668  >  80 [SYN] Seq=0 Win=29200 Len=0 MSS=1460 SACK_PERM=1 TSval=1441947083 TSecr=0 WS=128"
"421","1454.155912","10.128.0.66","192.168.1.9","TCP","74","35825  >  80 [SYN] Seq=0 Win=29200 Len=0 MSS=1460 SACK_PERM=1 TSval=1441947083 TSecr=0 WS=128"
"422","1454.155928","10.128.0.66","192.168.1.9","TCP","74","49209  >  80 [SYN] Seq=0 Win=29200 Len=0 MSS=1460 SACK_PERM=1 TSval=1441947083 TSecr=0 WS=128"
"423","1454.155930","10.128.0.72","192.168.1.9","TCP","74","48241  >  80 [SYN] Seq=0 Win=29200 Len=0 MSS=1460 SACK_PERM=1 TSval=1441947083 TSecr=0 WS=128"
"424","1454.155972","192.168.1.9","10.128.0.72","TCP","66","80  >  57668 [SYN, ACK] Seq=0 Ack=1 Win=42340 Len=0 MSS=1460 SACK_PERM=1 WS=8192"
"425","1454.155972","192.168.1.9","10.128.0.72","TCP","66","80  >  48241 [SYN, ACK] Seq=0 Ack=1 Win=42340 Len=0 MSS=1460 SACK_PERM=1 WS=8192"
"426","1454.155987","192.168.1.9","10.128.0.66","TCP","66","80  >  35825 [SYN, ACK] Seq=0 Ack=1 Win=42340 Len=0 MSS=1460 SACK_PERM=1 WS=8192"
"427","1454.155987","192.168.1.9","10.128.0.66","TCP","66","80  >  49209 [SYN, ACK] Seq=0 Ack=1 Win=42340 Len=0 MSS=1460 SACK_PERM=1 WS=8192"
"428","1454.156041","10.128.0.72","192.168.1.9","TCP","54","57668  >  80 [ACK] Seq=1 Ack=1 Win=29312 Len=0"
"429","1454.156049","10.128.0.72","192.168.1.9","TCP","54","48241  >  80 [ACK] Seq=1 Ack=1 Win=29312 Len=0"
"430","1454.156057","10.128.0.66","192.168.1.9","TCP","54","35825  >  80 [ACK] Seq=1 Ack=1 Win=29312 Len=0"
"431","1454.156067","10.128.0.66","192.168.1.9","TCP","54","49209  >  80 [ACK] Seq=1 Ack=1 Win=29312 Len=0"
"432","1454.156791","10.128.0.62","192.168.1.9","HTTP","254","GET /bcrypt.php HTTP/1.1 "
"433","1454.156794","192.168.1.9","10.128.0.62","TCP","54","80  >  57785 [ACK] Seq=1 Ack=201 Win=49152 Len=0"
"434","1454.156798","10.128.0.62","192.168.1.9","TCP","414","60985  >  80 [PSH, ACK] Seq=1 Ack=1 Win=29312 Len=360 [TCP segment of a reassembled PDU]"
"435","1454.156801","192.168.1.9","10.128.0.62","TCP","54","80  >  60985 [ACK] Seq=1 Ack=361 Win=49152 Len=0"
"436","1454.158380","192.168.1.9","10.128.0.68","TCP","54","80  >  45276 [ACK] Seq=293 Ack=202 Win=49152 Len=0"
"437","1454.159847","10.128.0.78","192.168.1.9","TCP","74","54027  >  80 [SYN] Seq=0 Win=29200 Len=0 MSS=1460 SACK_PERM=1 TSval=1441947084 TSecr=0 WS=128"
"438","1454.159864","10.128.0.78","192.168.1.9","TCP","74","37994  >  80 [SYN] Seq=0 Win=29200 Len=0 MSS=1460 SACK_PERM=1 TSval=1441947084 TSecr=0 WS=128"
"439","1454.159912","192.168.1.9","10.128.0.78","TCP","66","80  >  54027 [SYN, ACK] Seq=0 Ack=1 Win=42340 Len=0 MSS=1460 SACK_PERM=1 WS=8192"
"440","1454.159913","192.168.1.9","10.128.0.78","TCP","66","80  >  37994 [SYN, ACK] Seq=0 Ack=1 Win=42340 Len=0 MSS=1460 SACK_PERM=1 WS=8192"
"441","1454.159988","10.128.0.78","192.168.1.9","TCP","54","37994  >  80 [ACK] Seq=1 Ack=1 Win=29312 Len=0"
"442","1454.159990","10.128.0.66","192.168.1.9","HTTP","254","GET /bcrypt.php HTTP/1.1 "
"443","1454.159994","192.168.1.9","10.128.0.66","TCP","54","80  >  35825 [ACK] Seq=1 Ack=201 Win=49152 Len=0"
"444","1454.160000","10.128.0.78","192.168.1.9","TCP","54","54027  >  80 [ACK] Seq=1 Ack=1 Win=29312 Len=0"
"445","1454.160002","10.128.0.66","192.168.1.9","TCP","414","49209  >  80 [PSH, ACK] Seq=1 Ack=1 Win=29312 Len=360 [TCP segment of a reassembled PDU]"
"446","1454.160004","192.168.1.9","10.128.0.66","TCP","54","80  >  49209 [ACK] Seq=1 Ack=361 Win=49152 Len=0"
"447","1454.160117","10.128.0.75","192.168.1.9","TCP","74","58081  >  80 [SYN] Seq=0 Win=29200 Len=0 MSS=1460 SACK_PERM=1 TSval=1441947084 TSecr=0 WS=128"
"448","1454.160137","10.128.0.75","192.168.1.9","TCP","74","59394  >  80 [SYN] Seq=0 Win=29200 Len=0 MSS=1460 SACK_PERM=1 TSval=1441947084 TSecr=0 WS=128"
"449","1454.160171","192.168.1.9","10.128.0.75","TCP","66","80  >  58081 [SYN, ACK] Seq=0 Ack=1 Win=42340 Len=0 MSS=1460 SACK_PERM=1 WS=8192"
"450","1454.160172","192.168.1.9","10.128.0.75","TCP","66","80  >  59394 [SYN, ACK] Seq=0 Ack=1 Win=42340 Len=0 MSS=1460 SACK_PERM=1 WS=8192"
"451","1454.160232","10.128.0.75","192.168.1.9","TCP","54","58081  >  80 [ACK] Seq=1 Ack=1 Win=29312 Len=0"
"452","1454.160240","10.128.0.75","192.168.1.9","HTTP","254","GET /bcrypt.php HTTP/1.1 "
"453","1454.160243","192.168.1.9","10.128.0.75","TCP","54","80  >  58081 [ACK] Seq=1 Ack=201 Win=49152 Len=0"
"454","1454.160250","10.128.0.75","192.168.1.9","TCP","54","59394  >  80 [ACK] Seq=1 Ack=1 Win=29312 Len=0"
"455","1454.160262","10.128.0.75","192.168.1.9","TCP","414","59394  >  80 [PSH, ACK] Seq=1 Ack=1 Win=29312 Len=360 [TCP segment of a reassembled PDU]"
"456","1454.160264","192.168.1.9","10.128.0.75","TCP","54","80  >  59394 [ACK] Seq=1 Ack=361 Win=49152 Len=0"
"457","1454.160783","10.128.0.78","192.168.1.9","HTTP","254","GET /bcrypt.php HTTP/1.1 "
"458","1454.160786","192.168.1.9","10.128.0.78","TCP","54","80  >  54027 [ACK] Seq=1 Ack=201 Win=49152 Len=0"
"459","1454.160792","10.128.0.78","192.168.1.9","TCP","414","37994  >  80 [PSH, ACK] Seq=1 Ack=1 Win=29312 Len=360 [TCP segment of a reassembled PDU]"
"460","1454.160794","192.168.1.9","10.128.0.78","TCP","54","80  >  37994 [ACK] Seq=1 Ack=361 Win=49152 Len=0"
"461","1454.160796","10.128.0.70","192.168.1.9","HTTP","254","GET /bcrypt.php HTTP/1.1 "
"462","1454.160798","192.168.1.9","10.128.0.70","TCP","54","80  >  56422 [ACK] Seq=1 Ack=201 Win=49152 Len=0"
"463","1454.160804","10.128.0.70","192.168.1.9","TCP","414","50753  >  80 [PSH, ACK] Seq=1 Ack=1 Win=29312 Len=360 [TCP segment of a reassembled PDU]"
"464","1454.160807","192.168.1.9","10.128.0.70","TCP","54","80  >  50753 [ACK] Seq=1 Ack=361 Win=49152 Len=0"
"465","1454.160815","10.128.0.90","192.168.1.9","HTTP","254","GET /bcrypt.php HTTP/1.1 "
"466","1454.160818","192.168.1.9","10.128.0.90","TCP","54","80  >  53283 [ACK] Seq=1 Ack=201 Win=49152 Len=0"
"467","1454.160825","10.128.0.90","192.168.1.9","TCP","414","60981  >  80 [PSH, ACK] Seq=1 Ack=1 Win=29312 Len=360 [TCP segment of a reassembled PDU]"
"468","1454.160828","192.168.1.9","10.128.0.90","TCP","54","80  >  60981 [ACK] Seq=1 Ack=361 Win=49152 Len=0"
"469","1454.160900","10.128.0.89","192.168.1.9","HTTP","254","GET /bcrypt.php HTTP/1.1 "
"470","1454.160903","192.168.1.9","10.128.0.89","TCP","54","80  >  48982 [ACK] Seq=1 Ack=201 Win=49152 Len=0"
"471","1454.160914","10.128.0.89","192.168.1.9","TCP","414","35344  >  80 [PSH, ACK] Seq=1 Ack=1 Win=29312 Len=360 [TCP segment of a reassembled PDU]"
"472","1454.160917","192.168.1.9","10.128.0.89","TCP","54","80  >  35344 [ACK] Seq=1 Ack=361 Win=49152 Len=0"
"473","1454.161274","10.128.0.76","192.168.1.9","HTTP","254","GET /bcrypt.php HTTP/1.1 "
"474","1454.161276","192.168.1.9","10.128.0.76","TCP","54","80  >  44060 [ACK] Seq=1 Ack=201 Win=49152 Len=0"
"475","1454.161282","10.128.0.76","192.168.1.9","TCP","414","56475  >  80 [PSH, ACK] Seq=1 Ack=1 Win=29312 Len=360 [TCP segment of a reassembled PDU]"
"476","1454.161284","192.168.1.9","10.128.0.76","TCP","54","80  >  56475 [ACK] Seq=1 Ack=361 Win=49152 Len=0"
"477","1454.162380","192.168.1.9","10.128.0.52","TCP","54","80  >  44019 [ACK] Seq=293 Ack=202 Win=49152 Len=0"
"478","1454.164797","10.128.0.80","192.168.1.9","HTTP","254","GET /bcrypt.php HTTP/1.1 "
"479","1454.164800","192.168.1.9","10.128.0.80","TCP","54","80  >  33901 [ACK] Seq=1 Ack=201 Win=49152 Len=0"
"480","1454.164805","10.128.0.80","192.168.1.9","TCP","414","50146  >  80 [PSH, ACK] Seq=1 Ack=1 Win=29312 Len=360 [TCP segment of a reassembled PDU]"
"481","1454.164807","192.168.1.9","10.128.0.80","TCP","54","80  >  50146 [ACK] Seq=1 Ack=361 Win=49152 Len=0"
"482","1454.167952","10.128.0.57","192.168.1.9","TCP","74","50470  >  80 [SYN] Seq=0 Win=29200 Len=0 MSS=1460 SACK_PERM=1 TSval=1441947086 TSecr=0 WS=128"
"483","1454.167972","10.128.0.57","192.168.1.9","TCP","74","36659  >  80 [SYN] Seq=0 Win=29200 Len=0 MSS=1460 SACK_PERM=1 TSval=1441947086 TSecr=0 WS=128"
"484","1454.168024","192.168.1.9","10.128.0.57","TCP","66","80  >  50470 [SYN, ACK] Seq=0 Ack=1 Win=42340 Len=0 MSS=1460 SACK_PERM=1 WS=8192"
"485","1454.168024","192.168.1.9","10.128.0.57","TCP","66","80  >  36659 [SYN, ACK] Seq=0 Ack=1 Win=42340 Len=0 MSS=1460 SACK_PERM=1 WS=8192"
"486","1454.168100","10.128.0.57","192.168.1.9","TCP","54","50470  >  80 [ACK] Seq=1 Ack=1 Win=29312 Len=0"
"487","1454.168115","10.128.0.57","192.168.1.9","TCP","54","36659  >  80 [ACK] Seq=1 Ack=1 Win=29312 Len=0"
"488","1454.171532","10.128.0.88","192.168.1.9","TCP","74","50948  >  80 [SYN] Seq=0 Win=29200 Len=0 MSS=1460 SACK_PERM=1 TSval=1441947087 TSecr=0 WS=128"
"489","1454.171548","10.128.0.82","192.168.1.9","TCP","74","44318  >  80 [SYN] Seq=0 Win=29200 Len=0 MSS=1460 SACK_PERM=1 TSval=1441947087 TSecr=0 WS=128"
"490","1454.171560","10.128.0.88","192.168.1.9","TCP","74","33222  >  80 [SYN] Seq=0 Win=29200 Len=0 MSS=1460 SACK_PERM=1 TSval=1441947087 TSecr=0 WS=128"
"491","1454.171572","10.128.0.82","192.168.1.9","TCP","74","51034  >  80 [SYN] Seq=0 Win=29200 Len=0 MSS=1460 SACK_PERM=1 TSval=1441947087 TSecr=0 WS=128"
"492","1454.171596","192.168.1.9","10.128.0.88","TCP","66","80  >  50948 [SYN, ACK] Seq=0 Ack=1 Win=42340 Len=0 MSS=1460 SACK_PERM=1 WS=8192"
"493","1454.171596","192.168.1.9","10.128.0.88","TCP","66","80  >  33222 [SYN, ACK] Seq=0 Ack=1 Win=42340 Len=0 MSS=1460 SACK_PERM=1 WS=8192"
"494","1454.171610","192.168.1.9","10.128.0.82","TCP","66","80  >  44318 [SYN, ACK] Seq=0 Ack=1 Win=42340 Len=0 MSS=1460 SACK_PERM=1 WS=8192"
"495","1454.171611","192.168.1.9","10.128.0.82","TCP","66","80  >  51034 [SYN, ACK] Seq=0 Ack=1 Win=42340 Len=0 MSS=1460 SACK_PERM=1 WS=8192"
"496","1454.171676","10.128.0.88","192.168.1.9","TCP","54","50948  >  80 [ACK] Seq=1 Ack=1 Win=29312 Len=0"
"497","1454.171685","10.128.0.82","192.168.1.9","TCP","54","44318  >  80 [ACK] Seq=1 Ack=1 Win=29312 Len=0"
"498","1454.171686","10.128.0.88","192.168.1.9","TCP","54","33222  >  80 [ACK] Seq=1 Ack=1 Win=29312 Len=0"
"499","1454.171691","10.128.0.82","192.168.1.9","TCP","54","51034  >  80 [ACK] Seq=1 Ack=1 Win=29312 Len=0"
"500","1454.174564","10.128.0.79","192.168.1.9","TCP","74","46615  >  80 [SYN] Seq=0 Win=29200 Len=0 MSS=1460 SACK_PERM=1 TSval=1441947088 TSecr=0 WS=128"
